68.942,0.44152,5,18201,1.2566,7,0,0.41419,-1.0064,0.8471,0.088608,1
125.09,0.21686,7,6424,3.1416,7,0,0.63453,-0.5454,0.83,0.13191,1
35.518,0.41943,10,15001,2.8274,3,0,0.50028,-0.7489,0.7095,0.077626,1
69.823,0.14952,5,5629,1.2566,7,0,0.35528,-1.1564,0.75,0.071429,1
45.652,0.61287,2,37130,0.31416,6,0,0.73853,-0.34312,0.73275,0.13571,0.089189
50.115,0.26555,3,49645,0.62832,6,0,0.59369,-0.53191,0.429,0.05,1
81.563,0.25336,5,14536,3.1416,7,0,0.47143,-0.92755,0.90528,0.15464,1
50.53,0.59529,5,29242,1.2566,7,0,0.65534,-0.47169,0.70344,0.11429,0.24501
69.739,0.25373,4,29848,2.8274,6,0,0.50834,-0.72719,0.77343,0.086651,1
124.37,0.34927,4,12984,2.8274,6,0,0.68709,-0.48841,0.84,0.14286,1
71.204,0.1685,4,8248,0.94248,6,0,0.61741,-0.51113,0.67968,0.061856,1
112.19,0.27558,5,10614,3.1416,6,0,0.55884,-0.71301,0.89,0.089947,1
65.613,0.21334,2,24198,0.31416,7,0,0.52542,-0.7402,0.8748,0.10345,0.46071
23.691,0.67458,2,20507,0.31416,7,0,0.39747,-0.99198,0.67682,0.068493,1
39.828,0.43458,3,36156,0.62832,6,0,0.57392,-0.6484,0.83248,0.057143,1
25.649,0.19323,8,4946,2.1991,3,0,0.52995,-0.63812,0.3402,0.043478,1
123.88,0.15671,7,4495,1.885,6,0,0.5691,-0.66907,0.89,0.056604,1
118,0.38766,6,13794,3.1416,6,0,0.51949,-0.80518,0.92,0.1746,0.39683
28.734,0.41771,12,7208,2.8274,7,0,0.46199,-0.78718,0.35397,0.021429,1
155.81,0.14358,6,2777,2.5133,6,0,0.39088,-1.0855,0.80278,0.092511,1
62.537,0.16301,7,4404,1.885,7,0,0.48855,-0.76123,0.64152,0.068493,1
87.055,0.17603,4,9126,0.94248,6,0,0.42583,-0.9065,0.71248,0.064286,1
184.98,0.22675,4,12830,0.94248,7,0,0.57438,-0.64498,0.7744,0.087179,1
31.178,0.39899,1,40513,0,7,0,0.43038,-0.92925,0.6776,0.042857,0.082143
71.822,0.21702,1,20149,0,7,0,0.47347,-0.93701,0.94,0.064286,1
84.904,0.41696,8,17328,2.8274,6,0,0.3353,-1.2279,0.717,0.09375,0.23214
72.89,0.45021,2,24437,0.31416,6,0,0.46908,-0.85625,0.76788,0.10881,1
153.25,0.23651,14,4932,1.885,6,0,0.77345,-0.30207,0.76,0.083004,0.33929
55.588,0.44682,2,25429,0.31416,7,0,0.4539,-0.9195,0.82147,0.1123,0.44643
190.67,0.11409,1,6085,0,6,0,0.53168,-0.69523,0.76095,0.081395,0.10465
173.42,0.13977,6,2133,2.5133,6,0,0.62756,-0.52598,0.85,0.092025,1
139.94,0.29629,13,6828,1.5708,6,0,0.59629,-0.6629,0.92,0.14286,1
53.029,0.1583,2,10513,0.31416,6,0,0.51627,-0.69597,0.55209,0.062147,1
121.45,0.24306,5,12524,2.8274,6,0,0.69106,-0.38834,0.55488,0.076142,1
39.312,0.39881,2,23728,0.31416,7,0,0.34602,-1.1665,0.72324,0.039301,1
63.92,0.32552,2,29826,0.31416,7,0,0.34706,-1.2296,0.74151,0.064286,0.60807
77.72,0.43938,3,20047,3.1416,6,0,0.43421,-1.0188,0.80976,0.057143,0.33906
326.46,0.20288,1,526,0,7,0,0.11734,-2.1559,0.1398,0.0071429,0.24286
203.65,0.19504,3,10874,2.8274,6,0,0.44805,-0.99336,0.91,0.085714,1
135.77,0.25283,3,8901,0.62832,7,0,0.264,-1.5935,0.75,0.10753,0.325
134.73,0.35866,4,20498,2.8274,6,0,0.60285,-0.53954,0.73264,0.056277,0.36071
158.31,0.22199,7,7902,2.5133,6,0,0.61305,-0.51816,0.64875,0.063415,1
138.47,0.20668,6,11960,2.5133,6,0,0.41109,-1.0407,0.8213,0.066381,0.275
75.412,0.30727,4,23848,0.94248,7,0,0.47662,-0.82914,0.81345,0.057778,1
78.379,0.27982,2,18229,0.31416,7,0,0.47642,-0.79161,0.6048,0.068966,1
116.84,0.23723,2,26527,0.31416,7,0,0.28641,-1.4712,0.69069,0.071429,1
215.57,0.26016,4,18437,0.94248,7,0,0.36342,-1.0928,0.62016,0.048035,1
88.88,0.22853,4,24441,0.94248,6,0,0.58303,-0.59158,0.74949,0.1,1
216.56,0.21376,11,6028,3.1416,7,0,0.63896,-0.50188,0.7144,0.094017,1
140.71,0.31311,3,18528,3.1416,6,0,0.68728,-0.46801,0.89,0.092857,1
58.423,0.16254,2,6555,0.31416,7,0,0.3411,-1.1909,0.80759,0.07772,1
41.068,0.28242,2,25817,0.31416,6,0,0.40802,-0.94501,0.5976,0.028571,1
44.455,0.40372,2,21213,0.31416,7,0,0.47097,-0.97531,0.90616,0.13571,0.12143
47.608,0.27847,1,51643,0,7,0,0.54198,-0.69823,0.7164,0.065502,0.66812
95.115,0.1444,8,2908,2.1991,6,0,0.47744,-0.80106,0.72675,0.076923,0.24615
76.456,0.35085,5,9632,2.8274,6,0,0.31732,-1.459,0.81855,0.12766,1
65.626,0.24022,4,15463,0.94248,7,0,0.37457,-1.035,0.66008,0.054348,1
135.86,0.40217,7,10961,2.8274,6,0,0.44857,-0.94623,0.92,0.15847,1
58.685,0.088468,12,424,2.8274,7,0,0.59157,-0.57275,0.63,0.15528,0.65217
220.25,0.077187,2,451,0.31416,7,0,0.58323,-0.55817,0.53312,0.081633,0.39643
154.61,0.11565,6,6174,1.5708,6,0,0.4421,-0.83624,0.52948,0.025948,0.47857
63.632,0.38758,3,28428,0.62832,7,0,0.39722,-1.0526,0.88543,0.070707,1
41.384,0.314,8,13301,2.1991,3,0,0.49706,-0.77007,0.69916,0.07767,0.014286
87.298,0.24689,6,5381,1.5708,7,0,0.32734,-1.3434,0.8,0.085714,1
62.868,0.41864,3,54345,3.1416,6,0,0.40964,-1.0553,0.86,0.092857,0.33525
112.26,0.17829,3,13979,0.62832,7,0,0.51937,-0.83768,0.91,0.10714,1
64.855,0.30404,5,15715,1.2566,6,0,0.28931,-1.451,0.7125,0.071429,1
106.42,0.21114,12,4005,2.8274,7,0,0.49998,-0.85246,0.88,0.15385,0.46154
187.25,0.20469,5,5457,3.1416,6,0,0.32682,-1.3464,0.70425,0.092857,0.41518
79.344,0.25188,5,15334,2.8274,6,0,0.61066,-0.51521,0.63376,0.070796,1
91.281,0.33986,2,29645,0.31416,6,0,0.5589,-0.64558,0.79137,0.082645,1
100.5,0.33451,5,12273,2.8274,6,0,0.59816,-0.61902,0.89,0.092857,0.52743
46.557,0.14718,2,9832,0.31416,7,0,0.64736,-0.44671,0.47637,0.050228,1
63.813,0.32398,4,11212,0.94248,7,0,0.30481,-1.4531,0.7752,0.109,1
43.036,0.25917,3,20711,0.62832,7,0,0.31139,-1.2482,0.54352,0.057143,0.0028204
121.33,0.15656,2,15726,0.31416,6,0,0.52654,-0.6504,0.33865,0.028571,1
85.828,0.44732,5,19047,2.8274,6,0,0.50297,-0.8638,0.95,0.11429,1
99.251,0.21588,2,17761,0.31416,7,0,0.70665,-0.36717,0.58368,0.16364,1
52.481,0.35627,4,20392,0.94248,7,0,0.3257,-1.2237,0.64897,0.043103,0.26724
84.379,0.3107,7,10053,2.5133,7,0,0.63314,-0.58915,0.9,0.091892,0.56071
45.68,0.49795,3,78715,0.62832,7,0,0.25033,-1.4753,0.62106,0.15714,0.575
119.58,0.20285,6,5388,2.5133,6,0,0.55258,-0.81732,0.96,0.10132,0.21586
39.528,0.3211,9,8911,2.5133,7,0,0.5013,-0.81915,0.8136,0.1,0.53929
77.293,0.32272,3,16943,0.62832,7,0,0.43551,-0.97202,0.78056,0.072727,0.32273
56.912,0.34031,4,30960,0.94248,7,0,0.64642,-0.46906,0.66378,0.064286,1
42.927,0.28448,3,36795,0.62832,7,0,0.27114,-1.3771,0.50394,0.038043,1
98.245,0.18898,7,5232,2.8274,6,0,0.27133,-1.5576,0.88,0.071429,0.15714
136.53,0.2297,6,11023,2.5133,6,0,0.66161,-0.47113,0.70799,0.11404,1
72.904,0.39273,15,5450,1.2566,7,0,0.3207,-1.2003,0.49446,0.044444,1
56.991,0.18961,4,11537,0.94248,7,0,0.55485,-0.61122,0.53363,0.035714,1
50.425,0.33398,3,23571,0.62832,7,0,0.27396,-1.4571,0.60952,0.04386,1
119.47,0.31119,12,8323,1.885,7,0,0.5254,-0.75786,0.90954,0.07234,1
55.661,0.15159,3,6295,0.62832,7,0,0.39557,-1.0262,0.73073,0.098446,0.41451
62.887,0.19526,7,5515,1.885,7,0,0.63193,-0.52783,0.76585,0.046729,1
97.94,0.16176,4,5490,0.94248,6,0,0.27498,-1.427,0.75249,0.069565,1
67.911,0.2526,2,22472,0.31416,7,0,0.57064,-0.65834,0.81091,0.12857,1
61.532,0.24906,4,15948,0.94248,6,0,0.47135,-0.87313,0.8712,0.071429,1
204.71,0.087018,4,1043,0.94248,6,0,0.21661,-1.6526,0.40626,0.044248,1
150.99,0.17164,6,4571,2.8274,6,0,0.64344,-0.54273,0.83,0.058201,1
205.22,0.34658,2,31318,0.31416,6,0,0.50702,-0.74164,0.92544,0.051793,0.13887
41.154,0.24824,3,11628,0.62832,7,0,0.44479,-0.85095,0.48972,0.035714,1
34.238,0.56699,2,72619,0.62832,7,0,0.46732,-0.79956,0.59161,0.059524,1
84.349,0.26165,4,6867,0.94248,7,0,0.48718,-0.8521,0.96,0.24324,1
108.39,0.23201,10,7561,2.8274,7,0,0.48878,-0.84132,0.84995,0.12,1
108.14,0.33008,7,12255,2.8274,6,0,0.62268,-0.56169,0.86,0.092308,1
71.603,0.4519,1,36774,0,7,0,0.40819,-0.95614,0.58764,0.048077,1
187.65,0.15469,7,3876,2.5133,6,0,0.44398,-0.85204,0.62176,0.080569,0.5782
169.8,0.21389,11,5113,2.1991,6,0,0.45904,-0.82529,0.6615,0.053571,0.58929
82.324,0.26932,2,26725,0.31416,7,0,0.47745,-0.78865,0.74866,0.071429,1
125.36,0.14179,3,6716,0.62832,7,0,0.53608,-0.68318,0.7608,0.062992,0.14173
220.06,0.2642,8,6861,2.8274,7,0,0.50974,-0.76408,0.82656,0.17347,0.23929
151.62,0.32,9,9000,2.8274,6,0,0.35467,-1.1698,0.79785,0.080357,1
50.337,0.36753,2,69723,0.31416,6,0,0.42165,-0.90686,0.70152,0.15714,1
158.62,0.10538,3,2971,0.62832,7,0,0.48438,-0.77968,0.68109,0.10377,1
114.68,0.23997,5,6208,3.1416,7,0,0.4564,-1.002,0.95545,0.11558,1
93.762,0.24363,7,8620,3.1416,7,0,0.65982,-0.47272,0.79,0.068627,0.42059
79.563,0.17667,7,5274,1.885,7,0,0.39518,-1.1107,0.75684,0.11429,1
115.92,0.23938,4,13293,2.8274,6,0,0.60378,-0.54064,0.7048,0.07489,1
112.84,0.18199,6,11788,2.8274,6,0,0.4301,-1.0662,0.9259,0.075758,1
99.32,0.30024,4,28249,2.8274,6,0,0.37807,-1.1239,0.76206,0.071429,1
41.83,0.25318,3,50780,0.62832,7,0,0.45363,-0.85503,0.67002,0.12143,0.0076336
72.447,0.15481,16,1612,1.5708,7,0,0.46229,-0.81795,0.64449,0.086957,0.27717
35.218,0.48435,3,28939,0.62832,7,0,0.61986,-0.56171,0.82911,0.094972,1
73.72,0.36297,3,16712,0.62832,7,0,0.52987,-0.72821,0.8492,0.090909,0.10227
32.194,0.43097,3,36035,0.62832,7,0,0.28394,-1.4039,0.54756,0.071429,0.46786
141.62,0.19514,7,6923,2.5133,6,0,0.51984,-0.74101,0.85,0.20635,1
84.469,0.36267,3,22149,0.62832,6,0,0.53343,-0.87912,0.95,0.11429,1
61.249,0.37974,3,42873,0.62832,7,0,0.44941,-1.0082,0.94,0.1,0.45278
36.862,0.27062,4,26961,0.94248,7,0,0.45028,-0.83788,0.63661,0.050847,1
71.473,0.34251,4,17214,0.94248,6,0,0.36069,-1.1117,0.62478,0.058252,1
68.578,0.29821,4,21166,0.94248,7,0,0.34838,-1.2158,0.70994,0.086351,1
49.001,0.34209,2,66324,0.31416,7,0,0.45487,-0.92635,0.90522,0.057143,1
143.42,0.21826,6,13291,2.8274,6,0,0.61422,-0.51947,0.69408,0.085714,1
237.08,0.29676,3,25203,0.62832,6,0,0.51537,-0.85045,0.86814,0.092857,1
43.993,0.34434,2,85501,0.31416,6,0,0.43701,-0.92781,0.75604,0.050926,1
67.888,0.47683,3,39884,0.62832,7,0,0.58671,-0.59881,0.82646,0.10249,0.36071
58.572,0.20265,3,6851,0.62832,7,0,0.43077,-0.9842,0.9,0.080808,1
65.307,0.36016,4,30084,0.94248,6,0,0.49757,-0.7709,0.73865,0.05,1
104.09,0.232,4,10209,3.1416,6,0,0.6837,-0.47719,0.85,0.12157,1
96.973,0.28613,14,6544,2.1991,7,0,0.6906,-0.45842,0.79464,0.14136,0.50785
129.93,0.25343,4,20471,2.8274,7,0,0.54671,-0.74686,0.93,0.15167,1
40.183,0.43119,2,70107,0.31416,7,0,0.43147,-0.91553,0.70445,0.058172,0.31071
31.973,0.4716,2,33849,0.31416,7,0,0.45156,-0.88282,0.7616,0.071429,1
67.48,0.30155,4,36842,1.2566,7,0,0.45784,-0.85311,0.69264,0.064286,1
97.461,0.23749,8,7173,3.1416,6,0,0.5767,-0.58378,0.65736,0.094595,1
78.799,0.3636,6,10787,2.8274,6,0,0.42922,-1.0751,0.84444,0.1134,0.37629
124.92,0.45605,8,10848,2.8274,7,0,0.47349,-0.9405,0.91,0.13445,0.096038
93.517,0.2057,3,12810,0.62832,7,0,0.51391,-0.7414,0.80325,0.078261,0.4913
53.87,0.43806,3,13981,0.62832,6,0,0.22517,-1.8066,0.68256,0.079812,0.23214
40.298,0.5373,3,33872,0.62832,6,0,0.34427,-1.1812,0.69785,0.072961,1
163.18,0.1522,3,8716,3.1416,6,0,0.59602,-0.55206,0.64662,0.065868,1
33.164,0.4712,9,13206,2.5133,7,0,0.65083,-0.44779,0.55517,0.040359,1
97.187,0.27735,4,16295,2.8274,6,0,0.54948,-0.71861,0.85192,0.075145,1
100.31,0.1121,2,4022,0.31416,7,0,0.54969,-0.62587,0.6068,0.028571,1
122.04,0.28834,8,8265,2.8274,7,0,0.61487,-0.55153,0.76393,0.10924,1
73.778,0.19565,4,8232,0.94248,7,0,0.55264,-0.60759,0.48818,0.055838,1
62.436,0.32985,2,16945,0.31416,7,0,0.54943,-0.66628,0.78894,0.097436,1
147.33,0.3667,6,10457,2.8274,6,0,0.44083,-1.0191,0.8471,0.12775,1
186.74,0.18807,1,18824,0,6,0,0.55419,-0.68119,0.9,0.075145,0.28902
76.247,0.22951,3,22543,0.62832,6,0,0.44937,-0.92566,0.85,0.065217,0.43478
210.85,0.36774,4,11273,0.94248,6,0,0.55221,-0.90415,0.95,0.15,1
38.549,0.50928,4,13970,0.94248,7,0,0.51905,-0.74999,0.8271,0.10204,1
153.95,0.18613,13,3205,1.885,6,0,0.5839,-0.59969,0.7768,0.11737,1
102.36,0.27937,12,6595,2.8274,7,0,0.58295,-0.57765,0.75922,0.066079,1
54.347,0.47207,3,30652,0.62832,6,0,0.52717,-0.75725,0.83864,0.0625,1
108.52,0.31207,7,11399,1.885,7,0,0.33842,-1.2062,0.67379,0.10294,1
32.593,0.58054,2,69985,0.31416,6,0,0.47417,-0.83802,0.9,0.071429,0.39286
69.481,0.15378,2,9966,0.31416,7,0,0.48033,-0.82985,0.8028,0.046414,0.21071
33.058,0.36562,2,28484,0.31416,3,0,0.2941,-1.3258,0.54284,0.051724,0.26786
102.33,0.34327,4,24158,2.8274,6,0,0.5179,-0.77415,0.84994,0.056716,0.46071
60.923,0.25278,3,10330,0.62832,7,0,0.55967,-0.73534,0.92,0.07234,1
35.995,0.45421,5,17040,1.2566,7,0,0.41273,-1.0061,0.78518,0.0625,1
143.29,0.16964,7,6372,2.5133,6,0,0.61945,-0.60911,0.9,0.11573,1
69.49,0.39835,4,21490,3.1416,6,0,0.44336,-0.96685,0.88908,0.11712,1
110.54,0.25836,6,8909,2.8274,6,0,0.4967,-0.8531,0.9021,0.080569,0.45498
73.693,0.33911,3,27977,0.62832,6,0,0.43196,-1.2015,0.95,0.10734,0.19286
123.19,0.13778,5,6158,2.1991,6,0,0.55754,-0.62005,0.65408,0.039301,1
169.85,0.20759,6,13320,2.5133,6,0,0.66148,-0.48213,0.79458,0.099567,1
83.94,0.31814,4,17327,0.94248,6,0,0.49036,-0.77747,0.88504,0.067265,1
64.179,0.34167,3,16096,0.62832,7,0,0.50712,-0.81915,0.90344,0.072626,0.059856
102.43,0.15476,4,4340,1.885,6,0,0.59342,-0.59881,0.78408,0.057143,0.64286
110.53,0.28768,12,7976,2.8274,7,0,0.30377,-1.5025,0.79548,0.083933,1
62.733,0.24882,4,16167,0.94248,7,0,0.42385,-0.95965,0.71604,0.16402,1
140.16,0.30175,9,6622,2.8274,7,0,0.47796,-0.8797,0.8835,0.051546,0.225
229.29,0.17662,5,3071,2.8274,7,0,0.32602,-1.4529,0.8496,0.14554,0.36071
76.378,0.25805,2,31789,0.31416,6,0,0.28419,-1.39,0.66297,0.042857,1
54.776,0.35236,3,20538,0.62832,7,0,0.67376,-0.4755,0.7602,0.091837,1
111.99,0.10325,4,753,2.8274,6,0,0.71043,-0.36548,0.6876,0.097087,1
83.301,0.26694,2,29612,0.31416,6,0,0.46254,-0.91463,0.93,0.073446,1
197.17,0.25645,3,17861,0.62832,7,0,0.30144,-1.3018,0.61551,0.046154,1
64.556,0.3148,4,17531,0.94248,7,0,0.36901,-1.0666,0.72,0.068376,1
42.835,0.26168,2,31510,0.31416,7,0,0.40295,-0.98036,0.68775,0.070175,1
133.59,0.064816,3,624,0.62832,6,0,0.49423,-0.77748,0.58968,0.053763,1
92.804,0.17265,5,5146,1.2566,6,0,0.56585,-0.77681,0.94,0.133,1
47.201,0.44755,2,39872,0.31416,6,0,0.35013,-1.2281,0.7347,0.082353,1
56.831,0.36961,2,35126,0.31416,7,0,0.43652,-0.93791,0.7335,0.057143,0.36071
48.295,0.48824,3,24856,0.62832,7,0,0.38896,-1.0173,0.71131,0.044025,1
23.501,0.58285,3,52102,0.62832,6,0,0.44279,-0.92758,0.74119,0.069364,1
72.971,0.44389,3,19096,0.62832,6,0,0.40267,-1.2017,0.93,0.094118,1
104.09,0.39658,2,20008,0.31416,6,0,0.83924,-0.21253,0.77,0.078341,0.5576
124.44,0.28402,6,18111,2.5133,6,0,0.47816,-0.9063,0.95,0.11175,0.17573
70.861,0.27852,3,26226,0.62832,7,0,0.58885,-0.55515,0.58327,0.055794,0.16554
50.385,0.38776,2,34268,0.31416,6,0,0.36122,-1.1517,0.64875,0.056277,1
109.26,0.068591,11,192,2.8274,6,0,0.56474,-0.58083,0.41832,0.028571,1
105.25,0.41804,6,12275,2.8274,6,0,0.44408,-0.92149,0.78848,0.092857,0.47549
133.74,0.13694,4,7246,0.94248,6,0,0.44902,-0.98311,0.84539,0.057143,0.21786
76.097,0.18546,3,11702,0.62832,7,0,0.50744,-0.76281,0.79032,0.078571,0.64824
161.11,0.47063,7,12317,2.8274,6,0,0.42282,-1.0755,0.92544,0.25,0.025
55.866,0.1511,3,14544,0.62832,6,0,0.56453,-0.61876,0.74472,0.060606,0.012121
224.65,0.39577,2,45715,0.31416,6,0,0.3392,-1.2219,0.7332,0.064286,1
57.469,0.36359,3,24142,0.62832,6,0,0.36738,-1.1504,0.86,0.10185,1
61.677,0.32443,3,22472,0.62832,6,0,0.45184,-0.87233,0.80168,0.054545,1
202.07,0.15834,2,80223,0.31416,6,0,0.69312,-0.47474,0.92064,0.094778,0.41006
95.228,0.40932,7,11540,2.8274,6,0,0.28608,-1.5741,0.73865,0.14286,1
122.62,0.2449,6,13770,2.5133,6,0,0.3349,-1.1944,0.58473,0.05,1
71.443,0.19637,2,15472,0.31416,6,0,0.42049,-0.99819,0.76111,0.13615,1
37.011,0.50199,2,42497,0.31416,6,0,0.42331,-1.0283,0.73784,0.080645,1
138.82,0.2486,5,17108,2.8274,6,0,0.34156,-1.6017,0.76,0.15676,0.037838
118.15,0.24764,3,8647,0.62832,6,0,0.48707,-1.0176,0.95,0.15179,0.50893
213.39,0.50672,10,7707,2.5133,7,0,0.27934,-1.5907,0.7,0.18571,1
121.51,0.31281,2,45663,0.31416,7,0,0.49528,-0.75061,0.67375,0.0625,1
78.456,0.49997,3,19260,0.62832,6,0,0.51541,-0.80933,0.89999,0.17143,1
78.794,0.61504,3,27685,0.62832,6,0,0.27621,-1.6359,0.58788,0.061611,0.11848
215.26,0.47001,6,20826,2.8274,7,0,0.46401,-0.8084,0.69825,0.042857,1
173.74,0.27472,6,709,2.8274,7,0,0.53219,-1.5194,0.98,0.42157,1
94.267,0.37944,4,15315,0.94248,6,0,0.55617,-0.7726,0.97,0.27919,1
186.54,0.29511,2,81231,0.31416,6,0,0.67267,-0.40155,0.3848,0.085714,1
98.089,0.36287,3,33913,0.62832,6,0,0.27308,-1.3397,0.37145,0.017391,1
103.84,0.29623,4,27233,0.94248,6,0,0.57634,-0.56881,0.54905,0.085714,1
90.35,0.3527,6,13968,2.8274,6,0,0.3674,-1.0644,0.4757,0.064286,1
170.71,0.34521,8,26382,1.5708,6,0,0.38133,-1.113,0.7667,0.085714,1
129.81,0.45356,13,15768,1.2566,6,0,0.40327,-0.96241,0.73185,0.057143,1
185.97,0.3642,5,32525,3.1416,6,0,0.48414,-0.79724,0.84651,0.057143,1
150.1,0.17592,7,11017,2.5133,6,0,0.61974,-0.53941,0.79135,0.37857,0.36429
53.252,0.38291,4,24859,0.94248,7,0,0.60019,-0.54271,0.6765,0.05,1
127.31,0.38997,11,20844,2.1991,6,0,0.40835,-0.96025,0.60514,0.064286,0.67366
60.068,0.29434,4,15387,0.94248,7,0,0.79006,-0.23601,0.20808,0.021429,1
84.713,0.42404,3,25911,0.62832,7,0,0.36616,-1.3724,0.87,0.12143,1
164.95,0.32748,5,24740,1.2566,7,0,0.38815,-1.1927,0.9,0.11429,1
134.23,0.24452,3,11716,0.62832,6,0,0.34787,-1.5438,0.91,0.14787,1
196.37,0.26008,3,14982,0.62832,6,0,0.25354,-1.6668,0.69,0.22857,1
165.41,0.20164,7,2382,2.5133,6,0,0.32874,-1.4713,0.76,0.090476,1
103.59,0.47778,3,34200,2.8274,6,0,0.35448,-1.1743,0.96,0.10435,0.36429
94.726,0.32864,7,7734,2.5133,6,0,0.4509,-0.97542,0.88,0.1087,1
112.48,0.36712,6,19607,2.5133,6,0,0.62603,-0.64407,0.8586,0.15714,0.011893
39.281,0.2343,12,6285,2.1991,7,0,0.55315,-0.63518,0.63714,0.077364,1
133.24,0.29084,12,6098,2.5133,7,0,0.34156,-1.2317,0.7968,0.071429,1
153.23,0.43857,4,29833,2.8274,6,0,0.38962,-1.0211,0.95351,0.21429,0.00016698
73.04,0.18475,3,14406,0.62832,7,0,0.28713,-1.4872,0.73554,0.16429,1
31.247,0.38795,3,76861,0.62832,6,0,0.61654,-0.56196,0.83259,0.3,0.032143
105.7,0.21133,2,32256,0.31416,6,0,0.78606,-0.27861,0.56434,0.05,1
134.91,0.1777,3,14187,3.1416,6,0,0.50566,-0.78894,0.7939,0.057143,1
36.641,0.3394,2,45836,0.31416,7,0,0.3701,-1.237,0.912,0.38571,0.067857
109.19,0.35574,3,19667,0.62832,7,0,0.42051,-1.1095,0.88,0.078571,0.027992
97.387,0.5332,4,42174,2.8274,6,0,0.43143,-1.2853,0.92,0.24286,0.082143
83.216,0.23347,4,9859,0.94248,6,0,0.64624,-0.53335,0.86592,0.14286,0.11351
42.392,0.42584,3,22600,0.62832,6,0,0.61559,-0.51157,0.61171,0.10204,1
199.37,0.44285,4,10962,2.8274,6,0,0.45949,-1.0797,0.98,0.27273,0.19286
117.34,0.096904,4,2284,2.5133,7,0,0.38021,-0.98905,0.5236,0.021429,1
182.72,0.65628,2,35559,0.31416,6,0,0.72045,-0.36804,0.61544,0.13571,0.042857
128.7,0.32838,6,4358,2.8274,7,0,0.27122,-1.6251,0.96,0.087248,1
125.99,0.1762,2,29629,0.31416,6,0,0.24787,-1.5544,0.5921,0.11429,1
77.646,0.48123,2,63625,0.31416,6,0,0.56354,-0.66993,0.79477,0.13571,0.032143
107.51,0.53751,3,19641,0.62832,6,0,0.34705,-2.2298,0.96,0.15,1
139.68,0.32405,3,21070,0.62832,6,0,0.2906,-1.5382,0.89,0.1,1
183.75,0.49716,5,33573,2.5133,7,0,0.24393,-1.5319,0.46656,0.05,1
35.277,0.43638,5,17433,1.2566,3,0,0.58004,-0.54535,0.21854,0.014286,1
52.06,0.32207,4,17502,0.94248,7,0,0.71292,-0.47719,0.86152,0.10714,1
84.009,0.21197,3,9072,0.62832,6,0,0.5962,-0.74497,0.93,0.11429,0.071429
155.86,0.27993,7,5436,2.8274,6,0,0.69851,-0.53385,0.94,0.12143,1
206.46,0.25675,2,14773,0.31416,6,0,0.62372,-0.66088,0.88,0.4067,1
170.51,0.25859,7,9938,2.8274,7,0,0.51055,-0.8314,0.91,0.13571,0.024862
146.88,0.34125,3,12109,2.5133,6,0,0.53722,-1.2576,0.98,0.1856,1
194.65,0.35597,8,7373,2.5133,6,0,0.39922,-1.0473,0.82732,0.1358,1
173.98,0.54757,6,21628,3.1416,6,0,0.50432,-1.4063,0.87,0.13408,0.50357
211.32,0.50165,4,24179,0.94248,6,0,0.41482,-1.0725,0.98,0.31429,0.42143
123.11,0.22133,6,13261,2.5133,6,0,0.39892,-1.045,0.89817,0.071429,1
52.773,0.53656,2,17773,0.31416,6,0,0.5877,-0.56655,0.77818,0.12069,0.25
70.406,0.39136,3,28324,0.62832,6,0,0.6964,-0.42508,0.82,0.064286,1
150.77,0.17051,13,2619,1.885,6,0,0.61209,-0.53362,0.75614,0.07173,0.12143
202.56,0.29653,2,34935,0.31416,6,0,0.33862,-1.2352,0.94,0.33333,1
102.36,0.17865,2,21705,0.31416,6,0,0.45749,-0.88081,0.84016,0.092857,1
101.02,0.26165,6,6629,2.8274,7,0,0.35747,-1.2588,0.8073,0.16842,1
126.89,0.46179,10,10372,2.1991,6,0,0.54745,-0.79499,0.93,0.092857,0.058824
59.75,0.11711,2,6282,0.31416,7,0,0.52537,-0.74012,0.98,0.26429,0.012085
214.68,0.08533,13,1164,1.2566,6,0,0.83738,-0.18217,0.43169,0.0071429,1
178.93,0.15526,9,2004,2.1991,6,0,0.3371,-1.1825,0.72,0.028571,0.60714
146.44,0.39481,6,25754,2.5133,7,0,0.39332,-1.0872,0.82404,0.12143,1
35.668,0.60739,3,63791,0.62832,7,0,0.76523,-0.28086,0.4708,0.048673,1
110.8,0.36697,3,27046,3.1416,6,0,0.68215,-0.52216,0.9,0.064286,1
108.12,0.22488,4,16227,3.1416,6,0,0.35784,-1.2585,0.89,0.073446,1
176.2,0.13194,6,3935,2.8274,6,0,0.50624,-0.83802,0.91233,0.064286,1
107.26,0.29676,5,26897,1.885,7,0,0.58269,-0.63549,0.85374,0.064286,0.020438
82.218,0.35394,3,25685,1.2566,6,0,0.63826,-0.47927,0.63163,0.071429,1
221.14,0.22477,3,10834,0.62832,6,0,0.61069,-0.57776,0.80925,0.1,1
68.488,0.29531,3,8570,0.62832,6,0,0.83069,-0.19863,0.52099,0.05102,0.62245
41.06,0.17293,2,15454,0.31416,7,0,0.65084,-0.5355,0.8668,0.028571,0.39286
157.3,0.40825,9,7471,2.1991,6,0,0.53362,-0.88266,0.95,0.13043,1
115.16,0.12089,2,12269,0.31416,6,0,0.25886,-1.3773,0.3942,0.017668,0.16608
110.94,0.24821,5,20426,2.8274,6,0,0.71563,-0.41129,0.86953,0.071429,1
155.36,0.33392,8,9134,2.1991,6,0,0.4775,-0.86108,0.8404,0.08,0.355
27.367,0.29159,1,40243,0,6,0,0.7439,-0.39235,0.9504,0.20197,1
227.21,0.15929,4,7480,3.1416,6,0,0.74027,-0.3411,0.67147,0.20714,0.039375
240,0,0,0,0,1,0,0.25247,-3.1756,0.98,0.29617,1
51.016,0.35543,2,61196,0.31416,6,0,0.74532,-0.32145,0.64862,0.092857,1
104.62,0.14126,2,20410,3.1416,6,0,0.61751,-0.56331,0.8901,0.064286,0.011722
36.019,0.50981,2,31798,0.31416,7,0,0.47712,-0.7843,0.63545,0.042857,1
112.66,0.6913,7,9496,2.8274,6,0,0.69799,-0.44632,0.79265,0.1,1
96.567,0.59269,5,19061,3.1416,6,0,0.23558,-1.6257,0.46767,0.075556,1
102.57,0.19644,5,6261,2.1991,6,0,0.53896,-0.6796,0.83,0.057143,1
105.64,0.204,6,11094,2.5133,6,0,0.43744,-0.88553,0.69083,0.068354,1
69.574,0.15059,3,11022,3.1416,6,0,0.23959,-1.4642,0.38628,0.028571,1
177.23,0.17542,4,4060,2.8274,6,0,0.47325,-0.86893,0.87,0.085714,0.24615
127.39,0.57507,12,13522,2.8274,7,0,0.39773,-0.99693,0.72072,0.035714,0.32857
147.66,0.15432,16,1369,1.5708,7,0,0.45411,-0.84842,0.78115,0.10526,0.3
137.87,0.52447,6,7553,2.8274,6,0,0.4765,-1.1825,0.98,0.16883,1
104.45,0.56651,3,17588,2.8274,6,0,0.51727,-1.3062,0.98,0.37857,1
83.045,0.84188,5,22069,1.2566,7,0,0.49901,-0.91895,0.92435,0.29242,0.022782
48.445,0.19017,2,23354,0.31416,7,0,0.64182,-0.472,0.65886,0.064286,1
122.64,0.35497,8,13086,2.5133,6,0,0.69686,-0.39518,0.70992,0.054545,1
36.442,0.2919,1,46658,0,6,0,0.43713,-0.87573,0.645,0.049774,1
48.821,0.18388,6,14167,1.5708,7,0,0.64578,-0.44301,0.43036,0.021429,1
185.38,0.30707,8,12977,2.1991,7,0,0.60402,-1.3281,0.98,0.17143,0.29157
179.36,0.064063,6,50,2.1991,6,0,0.45466,-1.3316,0.98,0.10714,1
145.66,0.57409,13,9018,1.5708,6,0,0.32569,-1.2028,0.60769,0.064677,1
231.81,0.31162,7,990,1.885,6,0,0.44047,-1.3919,0.98,0.37143,0.060714
132.38,0.49563,6,17228,2.8274,6,0,0.52027,-0.72736,0.89,0.078571,1
79.47,0.28992,3,10199,0.62832,7,0,0.86267,-0.15408,0.38038,0.05,1
50.727,0.24381,3,39313,0.62832,6,0,0.63963,-0.52841,0.78862,0.078571,0.26429
223.85,0.43321,10,8318,3.1416,7,0,0.72883,-0.48539,0.93,0.11429,1
248.42,0.1996,4,6128,3.1416,6,0,0.17136,-2.051,0.82,0.085714,1
226.6,0.28005,9,9676,2.1991,7,0,0.24118,-1.6756,0.73305,0.078571,1
142.76,0.56882,6,22311,2.5133,6,0,0.36294,-2.0118,0.91,0.11429,1
89.484,0.34659,4,25110,0.94248,6,0,0.53897,-0.7066,0.83781,0.11429,1
176.82,0.47832,6,10165,2.8274,7,0,0.27443,-2.8699,0.87,0.11429,1
175.97,0.38488,9,5368,2.5133,6,0,0.672,-0.58404,0.89,0.13725,1
62.962,0.39043,4,31541,0.94248,7,0,0.37464,-1.0696,0.92,0.17969,1
140.55,0.44849,8,17837,2.1991,6,0,0.49742,-0.85633,0.8532,0.11429,1
154.07,0.56625,4,9703,3.1416,6,0,0.68183,-0.75444,0.98,0.19286,1
59.021,0.56558,6,26954,1.5708,7,0,0.4802,-0.91787,0.9306,0.1,0.22143
155.16,0.25389,4,16672,3.1416,6,0,0.25822,-1.5239,0.65786,0.10714,0.43571
213.6,0.38537,11,3086,1.885,6,0,0.15131,-2.1575,0.45474,0.05,1
98.974,0.2882,3,8725,3.1416,6,0,0.24331,-1.6896,0.7104,0.069767,0.33214
236.08,0.45278,3,48152,0.94248,7,0,0.35203,-1.1674,0.76128,0.17143,1
134.67,0.36513,6,40425,3.1416,7,0,0.44381,-0.88024,0.89582,0.22857,0.021429
127.55,0.41448,2,33235,0.31416,7,0,0.31215,-1.478,0.86768,0.085714,1
51.218,0.4154,1,48955,0,6,0,0.4028,-0.97501,0.66811,0.045045,1
131.39,0.25096,4,5958,3.1416,6,0,0.19419,-1.8788,0.4417,0.057692,1
183.54,0.12592,5,5638,2.8274,6,0,0.25243,-1.4911,0.60822,0.057143,1
45.986,0.63903,3,27206,0.62832,6,0,0.45128,-0.94501,0.86043,0.10078,1
57.359,0.3554,4,20045,0.94248,7,0,0.51026,-0.77773,0.782,0.078571,0.36429
151.42,0.17518,3,10171,0.62832,6,0,0.44896,-0.91436,0.78056,0.082645,1
126.74,0.19571,3,15369,2.8274,7,0,0.51103,-0.787,0.89,0.23675,1
161.31,0.36849,9,30863,3.1416,7,0,0.5147,-0.69531,0.59913,0.04721,0.38627
106.35,0.37607,3,27538,3.1416,6,0,0.52022,-0.71612,0.86545,0.11429,1
78.807,0.61706,4,43079,0.94248,6,0,0.43693,-1.0402,0.94944,0.11429,1
290,0.079469,8,198,3.1416,7,0,0.55612,-0.61723,0.70148,0.047619,0.068783
187.39,0.1672,4,13163,3.1416,6,0,0.39568,-1.0669,0.87,0.088235,0.48529
52.438,0.27382,7,13860,2.5133,3,0,0.3273,-1.2192,0.62496,0.11429,0.032389
48.506,0.24182,1,60850,0,6,0,0.55548,-0.63856,0.78131,0.064286,0.16959
150.8,0.1045,2,1082,0.94248,7,0,0.44499,-0.87718,0.651,0.050584,0.5214
72.106,0.682,4,20629,2.8274,6,0,0.31774,-1.4367,0.81984,0.061856,1
124.18,0.45786,11,7485,2.5133,6,0,0.47819,-1.05,0.93,0.10714,0.096429
69.828,0.29795,2,46124,0.62832,6,0,0.47676,-0.93366,0.98,0.53541,0.01983
29.643,0.38163,3,42344,0.62832,7,0,0.35604,-1.07,0.51789,0.028571,1
59.605,0.10171,4,72,1.5708,7,0,0.44025,-0.98953,0.74404,0.11429,0.035714
206.6,0.377,6,12772,1.5708,7,0,0.45259,-0.94115,0.87633,0.10714,1
52.062,0.30143,3,43928,0.62832,7,0,0.58307,-0.59297,0.81356,0.1,1
126.99,0.51998,9,24718,1.2566,6,0,0.47192,-0.85375,0.96,0.085714,1
146.81,0.10832,3,3995,3.1416,6,0,0.32632,-1.3536,0.92,0.092857,1
149.66,0.14612,4,3956,2.5133,6,0,0.27136,-1.9057,0.96,0.10714,1
157.49,0.23012,3,10464,0.62832,7,0,0.56157,-0.77173,0.95,0.15464,1
149.95,0.36244,2,20520,0.31416,7,0,0.46615,-0.84345,0.89,0.14679,0.21786
116.21,0.53557,4,47074,2.8274,6,0,0.58242,-0.60727,0.9108,0.092857,1
226.4,0.53795,1,29121,0,6,0,0.31509,-1.4561,0.95351,0.11429,1
137.07,0.78694,8,7287,2.5133,6,0,0.6999,-0.41957,0.79265,0.078571,1
50.707,0.29095,2,23512,0.31416,6,0,0.70145,-0.39503,0.67104,0.078571,1
206.17,0.40653,8,22918,3.1416,6,0,0.35789,-1.1281,0.87633,0.085714,1
53.782,0.45761,3,45406,0.62832,6,0,0.62063,-0.55059,0.7968,0.12143,1
70.222,0.67701,2,49822,0.31416,6,0,0.38112,-1.2261,0.96,0.078261,1
149.36,0.39619,4,20597,0.94248,7,0,0.39208,-1.0555,0.71668,0.06383,1
240,0,0,0,0,1,0,0.72412,-0.43549,0.9,0.12857,1
158.9,0.25397,7,6052,1.885,6,0,0.40842,-0.99492,0.85,0.11675,0.42132
218.23,0.053619,7,661,2.1991,6,0,0.15615,-2.0088,0.782,0.18571,0.41786
193.26,0.13709,2,8526,0.31416,7,0,0.29303,-1.4927,0.92,0.38571,1
218.26,0.13051,2,6816,0.31416,7,0,0.46273,-0.87478,0.75936,0.057143,1
187.28,0.15486,2,10307,0.31416,7,0,0.47217,-0.79766,0.75422,0.072581,1
28.007,0.64846,2,74756,0.31416,7,0,0.6762,-0.42214,0.72884,0.057143,1
46.487,0.37049,2,55327,0.31416,7,0,0.70494,-0.41474,0.8622,0.057143,0.475
241.97,0.32466,4,6886,3.1416,7,0,0.17814,-1.8605,0.36984,0.021429,1
92.577,0.37835,2,20127,0.31416,6,0,0.50931,-1.1711,0.96,0.085714,1
194.09,0.36122,9,15526,2.1991,6,0,0.2309,-1.5782,0.52716,0.035714,1
31.57,0.77524,4,31981,0.94248,7,0,0.42403,-0.97801,0.8668,0.11498,0.42857
95.45,0.25976,3,21360,0.62832,6,0,0.42248,-1.1443,0.9,0.17143,0.00065147
101.13,0.30873,5,21000,2.5133,7,0,0.37862,-1.0687,0.71316,0.064599,0.0024917
140.32,0.6744,4,30747,1.5708,7,0,0.43931,-0.96235,0.81,0.15,0.37857
12.234,0.64688,1,59727,0,7,0,0.40291,-0.92103,0.51975,0.042857,0.11429
33.421,0.46643,2,83543,0.31416,6,0,0.67246,-0.42288,0.66834,0.12857,1
50.415,0.37373,2,34663,0.31416,6,0,0.71547,-0.33601,0.37677,0.021429,1
73.446,0.24887,2,24012,0.31416,7,0,0.86755,-0.14288,0.25773,0.026316,1
181.87,0.59561,4,34866,3.1416,6,0,0.31426,-1.4088,0.74994,0.090476,0.15238
186.63,0.11124,2,2030,0.31416,6,0,0.48737,-0.96863,0.95,0.15126,0.067227
275.86,0.40061,1,23200,0,6,0,0.63186,-0.6059,0.7831,0.12632,0.15789
131.37,0.54484,1,63654,0,6,0,0.70687,-0.38568,0.53991,0.10714,0.12857
176.78,0.8985,3,620,0.62832,7,0,0.031527,-3.5847,0.10098,0.0071429,1
294.05,0.87859,2,31323,0.31416,7,0,0.15218,-1.9173,0.25509,0.028571,1
149.57,0.41351,7,16079,2.1991,6,0,0.46506,-0.93383,0.828,0.16908,1
157.02,0.1478,2,15951,0.31416,6,0,0.27972,-1.4697,0.82,0.11429,1
27.33,0.43465,3,54457,0.62832,6,0,0.69384,-0.39899,0.71029,0.23571,1
139.82,0.44196,8,18483,2.8274,6,0,0.33822,-1.1592,0.5587,0.10714,1
124.47,0.21089,5,2745,1.885,7,0,0.21117,-1.8564,0.59778,0.26429,1
47.465,0.36005,4,17695,0.94248,6,0,0.70091,-0.40557,0.83,0.1,1
148.72,0.23732,9,6541,2.1991,6,0,0.47831,-0.84497,0.81016,0.081818,1
143.57,0.1521,5,8651,2.8274,6,0,0.58281,-0.57279,0.71394,0.054645,1
51.933,0.22509,3,5911,3.1416,6,0,0.19708,-1.8206,0.86,0.26429,0.014286
121.99,0.16853,3,5927,0.62832,6,0,0.53776,-0.71501,0.88,0.2,1
170.11,0.54002,2,13361,2.1991,6,0,0.46222,-1.2932,0.98,0.092857,1
143.72,0.4071,5,21774,3.1416,7,0,0.28905,-1.4835,0.8082,0.16429,0.035714
279.62,0.6108,2,82211,0.31416,6,0,0.55476,-0.60251,0.47424,0.071429,1
242.15,0.40983,2,35482,0.31416,7,0,0.15075,-1.9456,0.23055,0.05,1
27.19,0.66678,1,27090,0,7,0,0.20896,-1.741,0.55407,0.10667,1
165.07,0.72055,4,18951,0.94248,6,0,0.47776,-0.91251,0.87122,0.14286,0.45357
307.22,0.62344,2,40352,0.31416,6,0,0.56523,-0.7068,0.74205,0.052209,0.4498
202.42,0.15409,4,6668,3.1416,6,0,0.80339,-0.27131,0.71208,0.17143,1
175.47,0.32341,14,10138,1.2566,7,0,0.52423,-0.64908,0.2652,0.027273,1
186.6,0.50484,3,21703,2.5133,6,0,0.28174,-1.3191,0.56724,0.10784,1
73.376,0.51129,6,33794,3.1416,6,0,0.48851,-0.79455,0.64525,0.13571,1
155.61,0.35742,3,30405,2.1991,6,0,0.55782,-0.82646,0.81589,0.16757,1
54.808,0.94664,1,50470,0,6,0,0.62348,-0.47355,0.4661,0.020619,1
37.112,0.29378,2,39297,0.31416,7,0,0.80884,-0.21186,0.22444,0.0071429,0.096429
146.62,0.37998,10,10134,1.885,6,0,0.57824,-0.58772,0.58968,0.65714,1
187.93,0.31516,3,42317,1.885,6,0,0.39005,-1.091,0.8037,0.1,1
54.786,0.48572,1,1.0287e+05,0,6,0,0.69606,-0.38167,0.6147,0.064286,1
36.678,0.58161,2,45457,0.31416,6,0,0.48435,-0.73276,0.40425,0.014286,1
88.541,0.1663,4,6718,0.94248,6,0,0.52272,-0.71772,0.8505,0.091837,1
25.105,0.65881,3,42128,0.62832,7,0,0.46483,-0.93257,0.7347,0.1165,0.046429
159.32,0.22821,6,7295,2.8274,7,0,0.48581,-0.76303,0.6885,0.37143,0.33571
58.099,0.3455,3,26780,0.62832,6,0,0.72986,-0.40115,0.858,0.092857,1
56.942,0.21093,4,9441,0.94248,6,0,0.28249,-1.4596,0.83356,0.078571,0.23929
228.87,0.1118,2,751,0.31416,7,0,0.1476,-1.9176,0.08946,0.028571,1
17.708,0.35125,1,77861,0,3,0,0.28052,-1.2868,0.26786,0.028571,1
54.136,0.64534,4,67255,3.1416,6,0,0.75644,-0.34594,0.6846,0.062201,1
225.75,0.66423,2,49026,0.31416,6,0,0.60952,-0.52032,0.7448,0.11945,0.042857
128.38,0.47448,4,20773,3.1416,6,0,0.48114,-0.82449,0.8131,0.10526,1
47.107,0.189,3,8355,0.62832,6,0,0.39854,-1.0359,0.78208,0.064286,1
95.295,0.24289,3,15856,0.62832,7,0,0.5448,-1.0244,0.9359,0.17098,0.49223
58.826,0.12671,3,19526,3.1416,7,0,0.46938,-1.1281,0.90336,0.26429,0.10354
53.147,0.094979,1,7099,0,5,0,0.42018,-1.384,0.93955,0.20714,0.014888
78.272,0.49034,5,36796,2.1991,7,0,0.60295,-0.63985,0.7866,0.13571,0.50357
62.711,0.4964,5,29158,1.2566,7,0,0.69622,-0.41199,0.63012,0.12143,0.078313
46.527,0.66052,1,81973,0,7,0,0.58056,-0.64112,0.7161,0.13571,0.025
271.89,0.66298,1,69492,0,7,0,0.41225,-1.0903,0.78866,0.16429,0.00065789
124.34,0.81618,2,53657,0.31416,7,0,0.2529,-1.6241,0.59658,0.081395,1
90.136,0.53687,2,61433,3.1416,6,0,0.43337,-0.92201,0.75145,0.2,0.00013836
141.23,0.77808,8,18881,2.8274,6,0,0.40951,-0.94316,0.65653,0.20714,1
199.55,0.47324,3,56695,3.1416,6,0,0.36495,-1.0783,0.91884,0.092857,1
138.81,0.54097,6,14838,2.5133,6,0,0.39211,-1.0769,0.95351,0.65714,0.0071429
135.66,0.38126,4,16234,2.8274,6,0,0.77896,-0.31872,0.71258,0.10714,1
185.39,0.21503,8,2520,2.5133,6,0,0.47526,-0.76457,0.7266,0.085714,0.014218
194.81,0.70371,1,54674,0,7,0,0.42668,-0.93155,0.66176,0.13675,0.021429
103.39,0.24496,5,4463,1.2566,7,0,0.20986,-1.8618,0.9158,0.1068,1
30.84,0.4751,2,86234,0.31416,3,0,0.64674,-0.44147,0.54102,0.053221,1
190.22,0.15279,10,1602,1.5708,6,0,0.66407,-0.53028,0.91,0.13571,0.24643
165.86,0.075057,4,1382,2.8274,6,0,0.79178,-0.28248,0.64,0.099379,1
92.911,0.37966,4,23339,0.94248,7,0,0.7172,-0.37746,0.86388,0.19048,1
64.978,0.19268,3,5950,0.62832,7,0,0.56383,-0.68666,0.80901,0.75309,0.45062
209.95,0.17198,2,25842,2.8274,6,0,0.79493,-0.26982,0.62328,0.12857,1
30.4,0.81204,3,43427,0.62832,6,0,0.4788,-0.74655,0.35959,0.033557,0.10403
129.25,0.45478,5,25047,3.1416,6,0,0.47953,-0.82528,0.89,0.54286,0.010363
40.387,0.44742,1,87959,0,7,0,0.7,-0.36807,0.4644,0.078571,0.07455
112.16,0.32022,3,26051,3.1416,6,0,0.29169,-1.2905,0.3315,0.042857,0.20745
242.89,0.7369,3,32795,0.62832,7,0,0.22362,-1.5533,0.5324,0.021429,1
123.44,0.39978,12,17857,1.885,6,0,0.53478,-0.75145,0.85,0.061571,1
184.49,0.19897,4,23020,2.8274,6,0,0.78603,-0.24853,0.54473,0.34286,1
62.415,0.58697,9,12482,2.5133,6,0,0.52295,-0.69615,0.64288,0.17037,0.0010185
26.847,0.6286,1,52985,0,7,0,0.38679,-0.96967,0.3696,0.021429,1
89.629,0.66484,2,28546,2.8274,6,0,0.6517,-0.47553,0.91042,0.15528,0.035714
126.68,0.34089,5,8471,2.5133,4,0,0.55308,-0.73236,0.82745,0.33571,1
7.4822,0.41572,2,83405,0.31416,3,0,0.23589,-1.4442,0.1111,0.014286,1
21.286,0.66738,2,86146,0.31416,6,0,0.46709,-0.80107,0.7695,0.053763,1
112.27,0.52425,4,31169,3.1416,6,0,0.40908,-0.95478,0.78806,0.042857,1
106.4,0.40484,4,22646,0.94248,6,0,0.68744,-0.42655,0.71912,0.13879,1
105.7,0.41585,11,11083,3.1416,7,0,0.25097,-1.5151,0.48348,0.67857,0.043398
135.1,0.12889,1,186,0,7,0,0.25078,-1.3861,0.14922,0.015152,1
96.939,0.41341,6,18363,2.8274,6,0,0.59022,-0.70837,0.86597,0.1,1
72.43,0.17096,1,20804,0,6,0,0.69987,-0.37814,0.55242,0.13235,1
142.23,0.54123,2,19433,0.31416,6,0,0.55052,-0.92018,0.89,0.18605,1
83.145,0.4848,5,22324,2.5133,6,0,0.58981,-0.5859,0.74562,0.060932,1
214.59,0.33257,6,18425,2.8274,7,0,0.22876,-1.4876,0.15914,0.022222,0.22963
246.87,0.26865,14,7398,2.1991,3,0,0.30316,-1.2455,0.49167,0.042857,1
105.14,0.28549,6,25685,3.1416,7,0,0.54927,-0.67212,0.69402,0.088968,1
226.46,0.075671,5,8,2.5133,6,0,0.62703,-0.49069,0.49385,0.071429,1
82.185,0.49965,4,18225,0.94248,6,0,0.51638,-0.77547,0.81079,0.54878,1
81.627,0.16026,6,4289,2.8274,6,0,0.72475,-0.40375,0.7776,0.47857,1
270.08,0.83467,2,69003,0.94248,6,0,0.55599,-0.59804,0.57603,0.14286,1
57.416,0.77781,10,19139,2.1991,3,0,0.59647,-0.52819,0.44384,0.17857,0.5
41.108,0.76216,3,49225,0.62832,7,0,0.54885,-0.63542,0.60955,0.081585,0.011089
45.392,0.26033,2,53070,0.31416,6,0,0.81771,-0.20592,0.417,0.073286,0.078014
64.154,0.37295,2,27787,0.31416,7,0,0.63694,-0.56416,0.7095,0.085714,1
103.58,0.4668,2,36529,0.31416,7,0,0.59897,-0.5177,0.4489,0.035897,1
87.22,0.44781,2,21374,0.31416,6,0,0.59755,-0.60431,0.7203,0.1087,0.070652
96.196,0.4041,3,37065,2.8274,6,0,0.58178,-0.6271,0.81576,0.064286,0.29111
182.29,0.1893,6,15430,2.5133,6,0,0.53895,-0.639,0.48416,0.55,0.59643
215.59,0.15353,4,6721,3.1416,6,0,0.36289,-1.0639,0.48223,0.33571,0.13571
122.93,0.54183,3,26276,1.885,6,0,0.43371,-0.93505,0.57227,0.13571,0.039286
144,0.3296,8,16211,1.5708,6,0,0.58647,-0.78204,0.97,0.15625,0.029018
159.57,0.23328,7,15886,2.8274,6,0,0.62509,-0.4804,0.56718,0.028571,1
177.25,0.1782,3,14860,3.1416,6,0,0.75577,-0.29613,0.57196,0.05,1
271.78,0.50426,2,72073,0.94248,3,0,0.43408,-0.87626,0.35446,0.057143,1
43.122,0.76474,4,28598,0.94248,3,0,0.691,-0.39702,0.58225,0.10345,0.36677
80.173,0.45772,4,31658,2.1991,6,0,0.50266,-0.83231,0.72975,0.20714,0.0029874
109.33,0.80699,3,41248,1.5708,7,0,0.62429,-0.59336,0.75894,0.081081,1
163.42,0.65072,7,27567,2.5133,7,0,0.45222,-0.96797,0.76095,0.063218,1
99.213,0.51628,4,23689,0.94248,6,0,0.60927,-1.3873,0.98,0.11897,1
238.54,0.58759,6,19684,2.5133,7,0,0.43207,-0.95728,0.78208,0.15152,1
263.38,0.69056,3,45914,2.8274,7,0,0.25991,-1.3793,0.36192,0.068702,0.067857
130.75,0.56252,2,39014,2.8274,6,0,0.56198,-0.68235,0.71416,0.094241,1
58.141,0.52697,3,37157,0.94248,7,0,0.65175,-0.46021,0.59677,0.064748,1
127.29,0.22562,2,20697,0.31416,7,0,0.57363,-0.59823,0.72,0.16302,0.041363
24.288,0.62383,3,43196,1.5708,3,0,0.47843,-0.74588,0.34143,0.071429,1
9.7793,0.69476,12,5731,2.5133,3,0,0.14709,-2.0513,0.30456,0.028571,1
188.56,0.25271,11,4595,1.5708,6,0,0.65865,-0.48588,0.72996,0.16751,1
58.017,0.61164,4,25240,0.94248,7,0,0.839,-0.19299,0.64308,0.068493,1
188.99,0.50846,6,21528,3.1416,6,0,0.5967,-0.56859,0.6993,0.44286,1
29.156,0.53778,3,39726,0.62832,7,0,0.65879,-0.46159,0.57024,0.13571,1
28.147,0.97545,13,12361,2.5133,3,0,0.44263,-0.83848,0.3856,0.05,1
189.04,0.77856,5,41131,1.2566,6,0,0.44224,-0.89176,0.67584,0.77857,1
95.975,0.04419,0,0,0,7,0,0.4621,-0.77196,0.13334,0.014286,1
88.888,0.29088,5,10996,3.1416,6,0,0.70956,-0.38905,0.69236,0.17143,0.028571
320.17,0.20504,2,34866,0.31416,7,0,0.52683,-0.64194,0.21497,0.015291,0.061162
145.16,0.45126,3,16421,0.62832,6,0,0.23337,-1.729,0.57362,0.071429,1
257.62,0.10206,0,0,0,7,0,0.61916,-0.53948,0.55941,0.085714,1
17.373,0.86144,4,16387,0.94248,3,0,0.51283,-0.70892,0.60192,0.10843,0.036145
214.45,0.27724,4,6565,3.1416,6,0,0.14851,-2.1524,0.92,0.25,1
22.247,0.88419,1,88932,0,6,0,0.38672,-1.0294,0.87141,0.082153,0.12857
17.495,0.98989,1,54525,0,6,0,0.43713,-0.84244,0.66736,0.064286,0.55446
137.88,0.87752,4,39530,0.94248,3,0,0.27993,-1.4683,0.6873,0.085995,1
72.206,0.79952,2,50049,0.62832,6,0,0.60731,-0.5288,0.67689,0.021429,1
96.469,0.61529,3,35086,0.94248,7,0,0.61658,-0.56814,0.70512,0.052133,0.047393
140.26,0.53407,9,17711,1.885,6,0,0.74565,-0.31207,0.49,0.18817,1
214.85,0.55693,2,40131,0.62832,3,0,0.56471,-0.57187,0.16236,0.016393,1
243.17,0.35676,10,10156,2.8274,7,0,0.55701,-0.6525,0.76912,0.73571,1
64.189,0.30669,4,19186,0.94248,6,0,0.57839,-0.64363,0.77112,0.070632,1
200.95,0.095836,6,989,2.8274,6,0,0.46894,-0.7887,0.59367,0.87857,0.35
150.59,0.067809,1,5806,0,6,0,0.29733,-1.3384,0.8253,0.12857,1
45.739,0.37375,3,27764,0.62832,7,0,0.31345,-1.2313,0.66528,0.078571,1
158.79,0.50085,6,14392,1.885,6,0,0.39773,-0.92709,0.18032,0.03252,0.13415
13.268,0.95534,5,31352,1.2566,3,0,0.32329,-1.1305,0.14406,0.010676,1
83.263,0.4869,3,18805,0.62832,7,0,0.39338,-1.1137,0.608,0.15,0.035714
84.598,0.57047,2,25443,0.31416,6,0,0.2518,-1.6915,0.57433,0.14815,1
126.37,0.2912,3,22906,3.1416,6,0,0.78056,-0.32119,0.79,0.1,0.035714
179.9,0.17894,7,6727,2.8274,6,0,0.32658,-1.6378,0.93408,0.97857,1
216.23,0.71234,6,30370,3.1416,6,0,0.4534,-0.85141,0.77896,0.41429,0.175
226.42,0.41249,1,73347,0,6,0,0.56106,-0.79438,0.89,0.17794,1
212.89,0.71987,2,38113,0.31416,6,0,0.27636,-1.5439,0.86,0.39286,0.21786
127.32,0.4592,3,15715,0.94248,6,0,0.43629,-0.93837,0.86233,0.1223,0.039286
142.41,0.24755,4,29925,1.2566,7,0,0.71988,-0.33165,0.30875,0.042857,1
27.594,0.34903,2,17182,0.31416,6,0,0.37314,-1.0178,0.57288,0.22807,1
220.2,0.59831,9,6077,1.885,6,0,0.22303,-1.7329,0.83506,0.35714,1
32.656,0.48683,2,61689,0.31416,7,0,0.87216,-0.1503,0.52416,0.26429,1
113.31,0.35361,5,14966,2.5133,6,0,0.38326,-0.98587,0.38808,0.064286,0.046429
152,0.9171,6,11386,2.8274,6,0,0.36396,-1.0941,0.57768,0.82857,1
93.571,0.7844,4,25338,2.5133,7,0,0.52011,-0.68305,0.35448,0.078571,0.38571
61.481,0.29266,3,31021,0.62832,7,0,0.74413,-0.33686,0.648,0.10714,1
36.898,0.51278,8,29223,2.1991,3,0,0.57423,-0.56743,0.49392,0.12857,1
129.48,0.37342,11,11632,2.5133,6,0,0.47249,-0.78627,0.58618,0.10714,1
192.57,0.72436,7,30486,2.1991,6,0,0.42552,-0.88407,0.43512,0.12857,1
201.68,0.65009,7,31751,2.5133,6,0,0.5237,-0.69957,0.68992,0.15,1
96.546,0.61658,8,16709,2.8274,7,0,0.41113,-0.99876,0.82824,0.40714,1
171.72,0.37916,8,18651,3.1416,7,0,0.4265,-1.086,0.92,0.071429,1
182.29,0.23042,5,3900,1.2566,6,0,0.90294,-0.12542,0.57834,0.40645,1
48.932,0.39193,5,53074,2.5133,7,0,0.33353,-1.1679,0.4158,0.064286,1
96.622,0.61236,2,37025,0.31416,6,0,0.22718,-1.5891,0.66,0.13571,1
58.376,0.62995,5,25588,2.1991,7,0,0.41677,-0.95684,0.85,0.069565,0.13571
61.099,0.65943,2,44525,0.31416,6,0,0.80175,-0.2597,0.76,0.064286,0.63929
73.401,0.9266,3,56087,2.8274,6,0,0.40897,-0.96608,0.71775,0.05,1
27.045,0.62269,10,14758,3.1416,7,0,0.50632,-0.68468,0.2623,0.019048,1
149.39,0.29958,3,55079,2.8274,6,0,0.29294,-1.2665,0.39832,0.071429,1
149.78,0.31224,2,19411,0.31416,7,0,0.52736,-0.84254,0.84832,0.092857,1
170.45,0.64361,5,24535,3.1416,6,0,0.37643,-1.01,0.52125,0.52857,1
113,0.92099,1,32963,0,6,0,0.1541,-2.0183,0.58,0.035714,0.021429
31.19,0.34747,5,28182,2.8274,3,0,0.62504,-0.50063,0.492,0.064286,0.27143
101.56,0.30046,4,21281,2.8274,6,0,0.65949,-0.4758,0.64974,0.092857,1
69.55,0.31839,3,29650,0.94248,7,0,0.58732,-0.89798,0.94,0.11429,1
28.964,0.39573,2,24392,0.31416,7,0,0.59388,-0.53931,0.39579,0.10476,0.07619
173.52,0.239,5,9871,3.1416,6,0,0.24285,-3.1883,0.64124,0.092369,0.082788
199.79,0.12658,2,16806,0.31416,7,0,0.30706,-1.1972,0.2205,0.021429,1
249.7,0.28186,2,22044,0.31416,7,0,0.56022,-0.63255,0.7744,0.19469,1
338.39,0.25111,2,82109,0.31416,3,0,0.3457,-1.07,0.31104,0.026042,0.3
157.95,0.15205,5,8768,2.8274,6,0,0.79736,-0.26448,0.672,0.042857,1
68.535,0.65245,4,30102,0.94248,6,0,0.84199,-0.23695,0.81,0.12143,0.013333
45.294,0.5676,1,59203,0,7,0,0.69578,-0.37051,0.58175,0.021429,1
119.71,0.31164,4,23226,2.1991,6,0,0.57296,-0.57412,0.56168,0.039146,1
114.74,0.42342,3,45485,3.1416,6,0,0.41898,-1.0198,0.88722,0.063927,0.027397
151.73,0.28636,3,10421,0.94248,6,0,0.34077,-1.5339,0.88688,0.65,0.29643
192.84,0.41363,7,12023,2.8274,6,0,0.74142,-0.39956,0.74004,0.053004,1
140.68,0.42525,16,2553,1.5708,7,0,0.63015,-0.69894,0.97,0.97143,1
82.752,0.5355,4,65176,2.1991,7,0,0.26571,-1.3517,0.40002,0.05,0.13929
54.702,0.7322,5,26677,1.885,6,0,0.86535,-0.17349,0.69687,0.071429,0.24286
149.99,0.44801,3,13029,0.94248,6,0,0.26724,-1.7015,0.882,0.23636,1
174.93,0.10569,7,2340,1.885,7,0,0.55699,-0.60205,0.63848,0.11429,0.015424
98.585,0.87626,3,70516,0.62832,7,0,0.53028,-0.66503,0.65751,0.15,1
142.51,0.29058,8,9096,2.1991,6,0,0.64606,-0.58039,0.828,0.25,1
178.64,0.44836,5,28755,3.1416,6,0,0.45349,-0.96641,0.98,0.63571,1
178.54,0.27025,5,12961,1.885,6,0,0.63634,-0.54735,0.7831,0.093426,1
309.98,0.85371,1,62747,0,6,0,0.26194,-1.5341,0.98,0.16429,1
105.63,0.26998,3,25344,1.2566,6,0,0.741,-0.36672,0.79,0.11905,1
13.096,0.61298,7,35839,2.5133,3,0,0.41886,-0.87413,0.18928,0.021429,1
213.98,0.20517,9,2679,2.5133,6,0,0.67704,-0.51428,0.87,0.16429,0.17808
170.08,0.22323,8,6660,2.5133,6,0,0.93909,-0.078576,0.55461,0.079602,0.22857
73.12,0.2561,4,16465,0.94248,6,0,0.75108,-0.34025,0.74783,0.071429,1
190.81,0.71464,3,25989,0.62832,6,0,0.29555,-1.3457,0.738,0.1342,0.014286
154.96,0.30012,2,41673,0.31416,7,0,0.83978,-0.17968,0.27676,0.12143,1
144.86,0.20497,5,19973,1.885,7,0,0.65954,-0.47869,0.77,0.15714,1
147.27,0.061086,1,3769,0,7,0,0.85806,-0.15294,0.19034,0.015385,1
123.45,0.25929,2,21314,0.62832,6,0,0.76576,-0.31032,0.53295,0.085714,0.0061688
27.994,0.67309,3,33457,0.62832,6,0,0.46174,-0.94174,0.8827,0.21429,0.2
59.396,0.70133,2,80150,0.31416,7,0,0.77803,-0.25892,0.4543,0.028571,1
55.828,0.91968,1,69718,0,6,0,0.62632,-0.46889,0.31425,0.0071429,1
62.067,0.41734,2,14657,0.31416,7,0,0.5902,-0.58677,0.72098,0.19101,0.061798
153.74,0.39049,12,8394,1.5708,6,0,0.55269,-0.64415,0.66134,0.27143,0.11429
59.371,0.41449,3,25956,0.62832,6,0,0.35664,-1.2801,0.91,0.078571,1
52.155,0.24965,6,10800,1.5708,6,0,0.77404,-0.27057,0.53184,0.048128,0.078571
68.179,0.43963,6,17781,2.1991,7,0,0.44543,-0.86678,0.68962,0.05036,1
64.343,0.41644,4,17486,0.94248,6,0,0.24042,-1.5396,0.59841,0.08134,0.2823
92.708,0.44486,3,71423,0.62832,6,0,0.34317,-1.1573,0.85,0.19059,1
97.447,0.23352,3,17013,0.62832,6,0,0.56115,-0.6813,0.90816,0.21429,1
58.314,0.48086,5,49451,1.2566,6,0,0.43854,-0.98983,0.87487,0.15809,1
74.235,0.16937,4,13376,2.8274,7,0,0.79372,-0.25199,0.60264,0.028571,0.36071
65.165,0.39299,7,23835,1.885,7,0,0.37485,-1.1798,0.77952,0.064067,1
214.99,0.3405,9,9439,2.1991,6,0,0.2875,-1.3059,0.4992,0.028571,0.18929
142.03,0.25287,5,19921,3.1416,6,0,0.75001,-0.30421,0.56722,0.085714,1
122.39,0.22914,5,14854,2.8274,6,0,0.3777,-1.1208,0.7448,0.125,1
240,0,0,0,0,1,0,0.79176,-0.34691,0.95,0.17949,0.003022
240,0,0,0,0,1,0,0.80566,-0.32354,0.94,0.087719,1
142.18,0.25699,4,35285,3.1416,6,0,0.41748,-0.98457,0.79431,0.057143,0.38571
126.06,0.16268,7,3588,2.8274,7,0,0.41899,-0.95715,0.68453,0.050228,1
146.36,0.12402,6,1514,3.1416,7,0,0.3712,-1.2842,0.85695,0.085714,1
125.21,0.14016,6,7289,2.8274,6,0,0.62505,-0.53317,0.792,0.1,1
39.021,0.4597,2,27250,0.31416,7,0,0.29471,-1.34,0.5838,0.078571,1
140.92,0.12748,4,14029,2.8274,6,0,0.48208,-0.89804,0.8554,0.11429,1
76.934,0.42802,7,31832,2.1991,7,0,0.3957,-1.2118,0.86436,0.085714,0.029281
147.75,0.19043,6,5495,2.8274,6,0,0.31706,-1.2704,0.74252,0.10714,1
89.368,0.89761,6,29355,1.5708,7,0,0.52806,-0.88234,0.9272,0.13019,1
151.04,0.31539,6,8788,2.5133,6,0,0.75387,-0.38778,0.86,0.22857,1
74.295,0.33248,4,32230,0.94248,7,0,0.61589,-0.54666,0.77598,0.2,0.042857
151.68,0.44106,8,13409,2.1991,6,0,0.75935,-0.51749,0.98,0.1,1
66.717,0.64306,4,13329,0.94248,7,0,0.33435,-1.5055,0.84,0.13571,1
115.86,0.23448,8,8717,2.8274,6,0,0.53686,-0.68981,0.83433,0.084112,1
29.657,0.448,2,39552,0.31416,6,0,0.40983,-1.0354,0.82632,0.098592,1
183.42,0.18452,2,15836,0.31416,7,0,0.37529,-1.1434,0.85,0.15714,1
58.797,0.49629,5,24967,1.2566,7,0,0.41533,-0.94534,0.74813,0.085714,0.021429
52.399,0.34322,3,30087,0.62832,7,0,0.33359,-1.2049,0.71248,0.071429,1
145.41,0.34036,7,7127,2.5133,6,0,0.35705,-1.2009,0.96334,0.17318,1
179.05,0.56195,10,14408,2.5133,6,0,0.46608,-0.97305,0.91,0.095652,0.31602
236.17,0.29284,2,44865,2.5133,6,0,0.39311,-0.99534,0.54891,0.042857,1
120.45,0.77295,6,11087,2.1991,6,0,0.47547,-1.1349,0.98,0.15,1
200.27,0.21062,10,7688,2.1991,6,0,0.39753,-1.1429,0.91462,0.085714,0.42812
104.45,0.30958,5,7304,3.1416,7,0,0.35263,-1.2899,0.73865,0.080292,1
161.71,0.26157,6,19578,3.1416,6,0,0.55419,-0.62968,0.62727,0.10714,0.010714
137.45,0.4223,11,12182,2.5133,6,0,0.47615,-0.90745,0.9196,0.1,1
109.13,0.23535,9,7630,2.5133,7,0,0.51632,-0.72538,0.74459,0.11429,1
204.26,0.25448,9,8423,2.5133,6,0,0.46471,-0.86507,0.81016,0.088496,1
202.96,0.23011,7,5674,2.1991,6,0,0.48236,-0.93418,0.92,0.085714,0.25463
90.08,0.27703,3,38361,0.62832,7,0,0.44002,-0.94668,0.81788,0.057143,0.15714
63.284,0.35097,3,39610,0.62832,6,0,0.24725,-1.4826,0.54188,0.057143,0.19139
101.16,0.42899,5,20903,2.8274,6,0,0.31099,-1.5112,0.71811,0.065156,1
125.27,0.29518,3,27733,2.8274,7,0,0.72727,-0.34114,0.5246,0.073684,0.5
174.65,0.22091,3,12133,3.1416,6,0,0.44577,-0.91702,0.9306,0.10145,1
241.84,0.0076632,2,4,0.31416,7,0,0.73877,-0.43659,0.93,0.1504,0.12857
91.35,0.14447,3,7831,0.62832,6,0,0.51956,-0.73283,0.70905,0.073684,0.52105
64.61,0.32667,2,58889,0.31416,7,0,0.41746,-1.1381,0.79152,0.10714,1
23.235,0.66185,2,46067,0.31416,6,0,0.2974,-1.547,0.89,0.11429,0.28774
184.66,0.34898,6,13918,3.1416,6,0,0.44991,-0.93023,0.89559,0.078571,0.011705
146.32,0.26904,9,15517,2.5133,7,0,0.33337,-1.3701,0.91,0.10714,1
126.33,0.1467,3,18080,0.62832,6,0,0.45062,-0.90446,0.78103,0.097923,0.125
182.51,0.4,1,50763,0,6,0,0.36325,-1.1715,0.70274,0.068966,0.017857
32.36,0.59907,2,42606,0.31416,7,0,0.2043,-1.8849,0.48699,0.078571,0.68696
141.45,0.32752,6,18017,2.5133,6,0,0.45671,-0.89295,0.88452,0.071429,0.36071
48.926,0.50558,4,30969,0.94248,7,0,0.57966,-0.87937,0.9234,0.17359,1
101.78,0.55968,7,16383,1.885,6,0,0.24009,-1.5707,0.5824,0.062016,1
149.49,0.21774,5,8419,2.8274,6,0,0.469,-0.93008,0.83,0.1129,0.39286
170.01,0.17963,1,27917,0,7,0,0.369,-1.3691,0.86,0.10929,0.04918
133.72,0.30162,8,14947,1.885,6,0,0.47613,-0.89252,0.87,0.1,0.51786
117.52,0.35221,5,13550,3.1416,7,0,0.21455,-1.7936,0.59,0.051136,1
52.895,0.83475,1,41732,0,7,0,0.4258,-1.2444,0.96432,0.21101,0.00044233
57.665,0.542,4,34064,0.94248,6,0,0.5177,-0.81524,0.92,0.16429,1
97.176,0.38738,5,44668,2.8274,6,0,0.54186,-0.69098,0.9207,0.1,1
156.19,0.39144,7,14714,2.8274,6,0,0.35362,-1.1847,0.83725,0.11429,1
95.306,0.23963,5,13640,3.1416,6,0,0.45485,-0.8997,0.82572,0.096045,1
141.41,0.34384,10,12243,2.8274,7,0,0.51586,-0.81945,0.94,0.085714,1
68.957,0.26388,3,30610,0.62832,6,0,0.47688,-0.84005,0.817,0.092486,0.43929
90.418,0.34157,5,7242,3.1416,6,0,0.30413,-1.6306,0.78,0.12857,0.017045
176.23,0.28187,11,7565,1.885,6,0,0.4873,-0.89206,0.94,0.11429,1
114.44,0.16109,5,9658,2.8274,6,0,0.45905,-0.85046,0.74559,0.078571,0.50862
86.873,0.28064,3,21440,0.62832,6,0,0.40216,-1.0129,0.70219,0.057143,0.32044
142.85,0.20025,6,7444,2.8274,6,0,0.43355,-0.91921,0.73628,0.086207,1
116.91,0.41018,6,25200,2.8274,6,0,0.40343,-0.95412,0.6195,0.035714,1
175.64,0.26485,4,41902,2.8274,6,0,0.6524,-0.44637,0.54036,0.064286,1
92.858,0.37582,4,19064,2.8274,6,0,0.25389,-1.4986,0.52582,0.05,1
71.447,0.3899,6,19344,1.5708,7,0,0.32871,-1.2285,0.6839,0.092857,1
240,0,0,0,0,1,0,0.63474,-1.2359,0.98,0.22857,0.23098
15.334,0.46376,2,46739,0.31416,7,0,0.42735,-0.86874,0.3672,0.023923,1
135.8,0.24367,8,5595,2.8274,7,0,0.32253,-1.3836,0.83936,0.09322,1
95.595,0.16532,4,17512,2.8274,6,0,0.52842,-0.67493,0.53222,0.08046,0.032143
70.285,0.40385,3,15186,0.62832,6,0,0.32325,-1.3668,0.85695,0.085427,1
168.21,0.36758,4,68,2.1991,7,0,0.37926,-2.1164,0.98,0.17143,1
103.85,0.60245,9,19980,3.1416,7,0,0.35506,-1.7156,0.8793,0.2,0.040619
159.42,0.2949,9,4709,2.1991,6,0,0.41913,-0.9708,0.88688,0.10769,1
178.49,0.38144,9,15833,1.885,6,0,0.41539,-1.0343,0.9,0.078571,1
201.78,0.48838,3,57973,2.8274,6,0,0.52908,-0.67972,0.68614,0.064286,0.15714
97.988,0.25885,6,17582,3.1416,6,0,0.37514,-1.2614,0.8,0.084233,1
173.88,0.2518,6,12201,2.8274,6,0,0.54092,-0.66323,0.7134,0.061224,1
118.46,0.33566,5,13961,2.8274,6,0,0.44548,-1.134,0.93,0.29286,1
203.94,0.29678,10,16595,2.8274,7,0,0.42458,-1.0161,0.86416,0.11429,1
70.886,0.58274,4,51607,0.94248,7,0,0.66074,-0.67172,0.98,0.11429,1
49.467,0.25793,2,6361,0.31416,7,0,0.32375,-1.5872,0.91,0.16429,1
38.299,0.58678,4,20037,0.94248,7,0,0.32458,-1.3814,0.84,0.1,0.063348
82.104,0.43932,4,7985,2.8274,6,0,0.31035,-1.9863,0.84882,0.13095,0.23929
35.039,0.50622,2,25661,0.31416,7,0,0.48962,-0.89676,0.90768,0.1,0.54286
95.847,0.33736,4,13626,3.1416,6,0,0.3721,-1.0551,0.57889,0.057471,1
77.91,0.42986,8,21752,2.8274,7,0,0.48866,-0.82501,0.86043,0.16914,1
116.15,0.20686,7,12999,2.5133,7,0,0.42949,-1.0921,0.8136,0.22857,0.00057506
103.8,0.72315,8,25651,2.8274,6,0,0.39276,-1.1686,0.84796,0.13571,1
78.505,0.14009,4,10094,0.94248,7,0,0.55939,-0.62436,0.74497,0.078571,1
83.433,0.31913,4,24255,3.1416,6,0,0.30617,-1.3531,0.5863,0.0681,0.45357
119.08,0.30289,8,15461,2.1991,6,0,0.44838,-0.9502,0.83868,0.12143,1
53.351,0.32619,5,28533,1.2566,7,0,0.52209,-0.71641,0.69125,0.10714,0.41786
240,0,0,0,0,1,0,0.58507,-0.64936,0.88,0.15714,1
216.07,0.26871,3,35369,2.5133,6,0,0.29726,-1.4157,0.83678,0.097852,0.0071599
35.435,0.52656,2,52366,0.31416,7,0,0.59337,-0.57479,0.78084,0.071429,1
99.224,0.12798,3,10325,3.1416,6,0,0.46857,-0.77364,0.4741,0.035714,1
138.31,0.18424,2,8182,0.31416,7,0,0.3369,-1.3748,0.67,0.11429,0.43214
65.586,0.18273,3,17293,0.62832,6,0,0.49088,-0.97036,0.94769,0.078571,0.056266
134.73,0.49169,6,17613,2.8274,6,0,0.37694,-1.3002,0.84,0.11429,1
143.41,0.41259,3,39106,3.1416,6,0,0.40365,-0.96335,0.7624,0.057143,1
104.4,0.37524,4,16770,3.1416,6,0,0.41738,-1.19,0.83764,0.20714,1
41.215,0.81056,3,20828,0.62832,6,0,0.55478,-0.7794,0.97,0.11458,0.075725
84.301,0.22915,3,25411,0.62832,6,0,0.43498,-0.95417,0.80608,0.13571,0.25648
72.668,0.53292,3,32301,0.62832,6,0,0.36399,-1.3328,0.86118,0.10989,1
96.907,0.36201,4,18346,0.94248,6,0,0.34477,-1.5205,0.7913,0.16429,0.030497
124.22,0.33527,5,16692,3.1416,6,0,0.50346,-0.91326,0.98,0.12143,1
75.247,0.58045,5,32218,1.2566,6,0,0.69291,-0.40539,0.73188,0.078571,1
67.804,0.28724,4,22734,0.94248,6,0,0.39223,-1.1425,0.8274,0.11429,1
44.958,0.24343,2,20019,0.31416,7,0,0.405,-0.9874,0.7998,0.071429,1
58.684,0.6104,4,36543,0.94248,6,0,0.46972,-1.048,0.95452,0.13571,1
39.082,0.48743,2,67480,0.31416,7,0,0.73452,-0.46091,0.94,0.12143,0.50357
75.394,0.51614,5,20933,1.2566,6,0,0.41552,-1.4055,0.92,0.13571,1
32.477,0.26693,2,54760,0.31416,7,0,0.48579,-0.77247,0.67716,0.057143,1
151.5,0.41964,7,10938,2.5133,6,0,0.34537,-1.7199,0.92,0.092857,1
215.42,0.21182,3,9500,0.62832,6,0,0.53148,-0.75927,0.95,0.10553,1
55.109,0.30856,3,40825,0.62832,6,0,0.43146,-0.94464,0.83,0.11437,1
155.64,0.27509,8,8671,2.1991,7,0,0.42066,-1.1292,0.96,0.17347,0.045918
46.998,0.18431,3,16509,0.62832,7,0,0.44529,-0.84915,0.75087,0.035714,1
125,0.37974,5,26664,2.8274,6,0,0.4727,-0.79412,0.6165,0.10714,0.076
70.967,0.4138,2,99225,0.31416,6,0,0.54819,-0.91839,0.89726,0.15714,1
109.69,0.44281,7,6800,2.8274,6,0,0.49753,-0.82315,0.87,0.14286,0.25357
139.76,0.02837,5,658,2.5133,6,0,0.54625,-0.62163,0.4402,0.050847,1
63.063,0.47826,3,18739,0.62832,7,0,0.37592,-1.1652,0.89635,0.17391,0.0020497
38.792,0.18947,3,13402,1.2566,3,0,0.66684,-0.44456,0.6795,0.1,1
46.535,0.57838,3,10868,0.62832,6,0,0.47245,-0.9941,0.95,0.19298,1
108.04,0.34394,3,18483,0.94248,6,0,0.3913,-1.0723,0.6795,0.07,0.028571
178.39,0.39716,5,4173,2.8274,6,0,0.27068,-1.7836,0.78,0.09417,1
97.785,0.3146,4,21915,2.1991,6,0,0.42697,-1.1347,0.90804,0.14286,0.26071
89.323,0.47478,6,18333,2.8274,7,0,0.45028,-1.0002,0.95,0.10795,6.0877e-05
170.83,0.29747,4,32654,2.8274,6,0,0.46768,-0.94677,0.96,0.16279,1
137.97,0.37563,13,10097,2.5133,6,0,0.35466,-1.3865,0.91,0.13571,1
109.98,0.19455,2,20872,0.31416,7,0,0.44768,-0.94934,0.8514,0.088372,1
150.62,0.25613,8,10165,2.5133,6,0,0.39748,-0.99674,0.66526,0.072727,1
168.13,0.095992,1,3936,0,6,0,0.51979,-0.66764,0.53046,0.030612,0.59643
53.498,0.35109,3,16344,0.62832,6,0,0.46205,-1.1913,0.85434,0.15714,1
116.07,0.26867,7,24550,2.5133,6,0,0.55724,-0.63062,0.7119,0.1,1
127.05,0.41729,7,30773,2.5133,6,0,0.63353,-0.50206,0.66994,0.092857,0.38156
96.811,0.47556,2,5688,0.31416,7,0,0.69028,-0.5665,0.9,0.12857,0.10582
103.68,0.58084,7,24747,2.8274,6,0,0.36497,-1.0906,0.65527,0.071429,0.26247
119.66,0.53922,7,27554,2.5133,6,0,0.34515,-1.4074,0.9,0.12143,0.07824
113.31,0.26785,9,10033,2.1991,6,0,0.49692,-0.74935,0.76524,0.048128,1
162.94,0.43125,7,17167,2.5133,6,0,0.51344,-0.9432,0.95,0.084034,1
86.631,0.34128,5,5853,1.2566,6,0,0.48661,-1.1247,0.98,0.28111,0.025
115.26,0.30934,6,7831,2.8274,6,0,0.45622,-0.99834,0.93,0.1,1
126.8,0.38153,5,8514,2.8274,6,0,0.45447,-1.1441,0.98,0.17127,1
97.076,0.21294,4,4352,0.94248,7,0,0.68419,-0.5509,0.94,0.074468,0.43617
98.78,0.29592,6,11504,2.5133,6,0,0.46768,-0.97282,0.97,0.1234,1
91.259,0.18134,3,18013,0.62832,6,0,0.34364,-1.1139,0.5728,0.064286,0.61786
109.92,0.34153,5,23554,1.2566,6,0,0.37796,-1.2752,0.98,0.14925,1
112.21,0.3499,6,9971,2.8274,6,0,0.55337,-0.75072,0.95,0.09417,0.68214
49.235,0.34352,3,53361,0.62832,6,0,0.5032,-0.85811,0.96,0.47143,1
73.886,0.39704,4,26005,1.2566,6,0,0.40757,-1.8137,0.9,0.13978,1
126.87,0.23662,10,7854,2.1991,7,0,0.27824,-1.4525,0.84129,0.086735,0.31786
60.077,0.38981,3,48359,0.62832,7,0,0.51099,-0.8595,0.90117,0.1,0.16429
92.726,0.4186,4,22419,3.1416,6,0,0.44038,-0.89945,0.74037,0.078571,0.24643
64.253,0.2831,4,41346,0.94248,7,0,0.34288,-1.1679,0.7328,0.071429,0.49286
31.81,0.33525,1,77054,0,6,0,0.53171,-0.69086,0.66381,0.092857,0.55357
226.69,0.29289,8,10201,2.8274,7,0,0.45082,-0.96241,0.91462,0.11429,1
39.128,0.2646,8,17586,2.5133,3,0,0.78212,-0.27476,0.64929,0.057143,1
35.467,0.64501,3,22693,0.62832,7,0,0.28513,-1.5165,0.7783,0.067265,1
49.954,0.29417,2,20466,0.31416,6,0,0.24539,-1.639,0.75,0.1,1
172.51,0.51855,6,4554,2.8274,6,0,0.2526,-2.233,0.87,0.12143,1
62.12,0.45793,3,40911,0.62832,6,0,0.60795,-0.69007,0.94944,0.12143,0.325
100.55,0.35231,3,23682,0.62832,6,0,0.3804,-1.2038,0.85,0.06701,1
55.699,0.50447,4,16779,2.8274,6,0,0.65825,-0.66322,0.98,0.22143,0.26415
80.031,0.49243,4,38338,3.1416,6,0,0.31682,-1.3008,0.7896,0.092857,0.065282
119.12,0.47416,4,27949,0.94248,7,0,0.5004,-0.79062,0.83424,0.071429,0.030137
85.012,0.31214,4,21339,2.8274,7,0,0.52062,-0.73273,0.74648,0.41129,0.014286
106.65,0.36095,3,37651,1.5708,7,0,0.39996,-1.1831,0.93,0.14286,1
63.302,0.57718,5,18411,1.2566,7,0,0.56044,-0.70021,0.76647,0.16346,1
38.26,0.6242,2,46593,0.31416,7,0,0.27557,-1.4282,0.60426,0.05,1
66.193,0.22074,3,19311,0.62832,7,0,0.39367,-1.0786,0.83,0.084746,1
60.537,0.29524,5,11264,1.2566,7,0,0.71931,-0.41504,0.85,0.12037,1
68.224,0.20749,4,12153,0.94248,7,0,0.70615,-0.36496,0.5248,0.071038,1
83.074,0.178,4,18427,1.885,7,0,0.39148,-1.1592,0.74562,0.1,1
102.43,0.17015,5,8276,2.8274,6,0,0.57383,-0.64517,0.79396,0.092857,1
139.97,0.17201,4,10096,3.1416,6,0,0.47113,-1.1161,0.95,0.22857,1
175.98,0.57159,4,22935,3.1416,6,0,0.20652,-2.7446,0.85,0.3,1
39.355,0.2634,5,17680,1.2566,7,0,0.64773,-0.52364,0.8024,0.20714,1
68.779,0.51005,3,33476,0.62832,6,0,0.32393,-1.2759,0.55029,0.078571,0.060109
151.77,0.040717,9,58,2.8274,6,0,0.24364,-1.4441,0.50054,0.010204,1
193.08,0.21342,2,28256,0.31416,6,0,0.4339,-0.93169,0.87,0.14286,0.16786
122.49,0.29316,6,9320,2.8274,6,0,0.41606,-1.1043,0.87,0.13004,0.054965
121.23,0.41036,6,15951,2.8274,6,0,0.45774,-1.3564,0.93575,0.13571,0.00090312
134.79,0.25016,6,7969,2.8274,6,0,0.40657,-1.0888,0.82,0.09417,0.34643
50.764,0.3304,4,46259,0.94248,6,0,0.49829,-0.75024,0.67896,0.078571,0.11028
156.97,0.54635,9,15455,2.1991,6,0,0.28073,-1.5736,0.79,0.15714,0.30933
91.169,0.71158,4,42439,3.1416,6,0,0.52069,-0.79375,0.87754,0.05,1
107.43,0.35495,4,55470,2.8274,6,0,0.48822,-0.83755,0.95351,0.071429,1
177.21,0.38019,6,12761,2.8274,7,0,0.31072,-1.4049,0.8118,0.085714,1
